"","metric","auc"
"1","pearson",0.51848367159483
"2","spearman",0.487042245983031
"3","kendall",0.435260897232424
"4","bicor",0.517827601089412
"5","binomial",0.517827601089412
"6","MI",0.4221774899999
"7","cosine",0.56434362710333
"8","jaccard",0.517029650059702
"9","canberra",0.424053592378998
"10","euclidean",0.554900430237814
"11","manhattan",0.517827601089412
"12","weighted_rank",0.5133848018664
"13","hamming",0.513386427057861
"14","rho_p",0.518190436804343
"15","phi_s",0.521863254060326
