"","metric","auc"
"1","pearson",0.596418715996013
"2","spearman",0.5754748845101
"3","kendall",0.570852255711238
"4","bicor",0.603892309268152
"5","binomial",0.576876804962006
"6","cosine",0.570924829402827
"7","jaccard",0.649134193723132
"8","canberra",0.596397624351495
"9","euclidean",0.502546216104269
"10","manhattan",0.60389321395225
"11","weighted_rank",0.572148246483042
"12","hamming",0.572148512755758
"13","rho_p",0.591946594569685
"14","phi_s",0.607198827660428
