"","metric","auc"
"1","pearson",0.618175574483064
"2","spearman",0.589374218296511
"3","kendall",0.560621467040862
"4","bicor",0.617853876004066
"5","binomial",0.602142714895689
"6","cosine",0.547118347862085
"7","jaccard",0.636342522110189
"8","canberra",0.618590973981687
"9","euclidean",0.5057128162152
"10","manhattan",0.617853641620832
"11","weighted_rank",0.546512232084677
"12","hamming",0.546512121672677
"13","rho_p",0.610775464254943
"14","phi_s",0.615495110596182
