"","metric","auc"
"1","pearson",0.72332451499118
"2","spearman",0.726539535567313
"3","kendall",0.668871252204585
"4","bicor",0.709619341563786
"5","binomial",0.697089947089948
"6","cosine",0.66493974132863
"7","jaccard",0.726741622574956
"8","canberra",0.725639329805996
"9","euclidean",0.647339800117577
"10","manhattan",0.709619341563786
"11","weighted_rank",0.713697824808934
"12","hamming",0.713697824808934
"13","rho_p",0.720862727807172
"14","phi_s",0.714579659024103
