"","metric","auc"
"1","pearson",0.625169454015336
"2","spearman",0.602293495221415
"3","kendall",0.54663614002365
"4","bicor",0.624855694975462
"5","binomial",0.560668449472096
"6","cosine",0.503355624680316
"7","jaccard",0.620719190112846
"8","canberra",0.622138577754304
"9","euclidean",0.481571441848137
"10","manhattan",0.624854989429815
"11","weighted_rank",0.505238654913846
"12","hamming",0.505238142279736
"13","rho_p",0.623445430806548
"14","phi_s",0.627318235707512
