"","metric","auc"
"1","pearson",0.674955731773039
"2","spearman",0.653219390766546
"3","kendall",0.590037724228193
"4","bicor",0.668232093822979
"5","binomial",0.668309082043781
"6","cosine",0.653912284753765
"7","jaccard",0.651628300869966
"8","canberra",0.672312469525497
"9","euclidean",0.647573587907717
"10","manhattan",0.668232093822979
"11","weighted_rank",0.674519465188493
"12","hamming",0.674519465188493
"13","rho_p",0.673287653655657
"14","phi_s",0.672517771447635
