"","metric","auc"
"1","pearson",0.645181094214515
"2","spearman",0.622036272806477
"3","kendall",0.586023670391985
"4","bicor",0.647974924018441
"5","binomial",0.614919265095091
"6","cosine",0.586447469925089
"7","jaccard",0.645258882087802
"8","canberra",0.64203763342485
"9","euclidean",0.535584725658177
"10","manhattan",0.647975846242316
"11","weighted_rank",0.569521709184727
"12","hamming",0.569521341105989
"13","rho_p",0.638415096421083
"14","phi_s",0.647369157349561
