"","metric","auc"
"1","pearson",0.632585184135587
"2","spearman",0.649376632181466
"3","kendall",0.624759999061933
"4","bicor",0.660178082197984
"5","binomial",0.585766552533169
"6","cosine",0.569828723154166
"7","jaccard",0.679035857306029
"8","canberra",0.648050121119869
"9","euclidean",0.507897961800352
"10","manhattan",0.660178082637082
"11","weighted_rank",0.555716765720347
"12","hamming",0.555715701367987
"13","rho_p",0.649485243992423
"14","phi_s",0.642481644713488
