"","metric","auc"
1,"pearson",0.6647247584421875
2,"spearman",0.6553533591038895
3,"kendall",0.6177049288942644
4,"bicor",0.6650877043559971
5,"binomial",0.5893986144853824
6,"cosine",0.5686527279560885
7,"jaccard",0.6801112561118745
8,"canberra",0.6664806346647574
9,"euclidean",0.5134117300590371
10,"manhattan",0.665073611226851
11,"weighted_rank",0.559566387621077
12,"hamming",0.559565554002758
13,"rho_p",0.668040705440814
14,"phi_s",0.676516214268114
