"","metric","auc"
"1","pearson",0.64102672209359
"2","spearman",0.612059105666815
"3","kendall",0.557366495434152
"4","bicor",0.643044226760784
"5","binomial",0.577467576628832
"6","MI",0.524596867566021
"7","cosine",0.62111579989972
"8","jaccard",0.633742131806162
"9","canberra",0.500680867489427
"10","euclidean",0.577215456601639
"11","manhattan",0.64304053512655
"12","weighted_rank",0.5299183383949
"13","hamming",0.529915075016797
"14","rho_p",0.63527384131088
"15","phi_s",0.633324206940692
