"","metric","auc"
"1","pearson",0.608635308779184
"2","MI",0.60389321395225
