"","metric","auc"
"1","pearson",0.525883562924641
"2","MI",0.608380602131771
