"","metric","auc"
"1","pearson",0.636945494866605
"2","MI",0.617853641620832
