"","metric","auc"
"1","pearson",0.597738768174799
"2","MI",0.624854991268145
